{
  "best_seed": 999,
  "best_config": {
    "hidden_dim": 128,
    "learning_rate": 0.003,
    "batch_size": 32,
    "alpha": 0.0001
  },
  "validation_accuracy": 0.9916666666666667,
  "test_accuracy": 0.9777777777777777
}